   f1,          f2, f3,f4,           f5,     f6,        f7,           f8,                  f9,          f10
tvIVD,dkmVIcxHyokj,BVh,TO,MkHHEZUzHxeXz,XVBppxG,TSFEzzWoaP,HlJdVLzMrlOjb,BVgbzwmpBSWlJoZZfVkO,ulIoRqIDFvcbV
okueo,cwvSOWxgUKsY,OIj,xL,dKsvFfXWtsvmi,NlnHnvO,RjlaDgQbYQ,qCUkLmGmrLMVl,yHmIOxkRcDXsOrdDLbCB,qFkYZOSdxCJPL
koVXp,mjHZpZyySaXv,Nhu,aH,RUyjENBIclUUw,VoIhnvg,PezVAeUevr,SQBiqEHkfJEOV,BVdoLQkPdNpJJkJQQPMo,HHyxeBVdlFiTJ
jkQkQ,NJSNYpVfjBpS,srr,cH,evjTcwPEQUlUl,pBzLSMb,jkfdjnAbOQ,CaozdnBQzHPxB,pWHmBIpqZebryLziCzBk,kThQBuUmvUrlq
vrUum,FMGozsFcROaG,ABL,Wb,BkRaDQoZNnDHZ,uRNoZzW,AMpvgYmsZv,dcHhlYZANAtlt,beysyvJexZIZHFAusjoP,OzWsZBllNCWVU
ckfdy,TQTZylCcnrEr,Smn,RB,slEdlifOzPusH,nCYxMNe,ObeHiTAlCm,DvmQWSyeZLjoj,xwqGpDgCnhlSYylIchWd,YHNfixKyaFCCl
uduqA,RzmwYauIxtfR,toJ,RH,eYrOzTNcBFPUT,ZXeyXhF,GsodKDyBsv,lNWNFuqufRLOQ,doGvgTPAaoGfoqazyXbH,EaJyGjzDNWVgt
uvdHa,kmcmlYIlsyYm,igf,oF,vAmFJfwfGsDmL,ajUoKYh,WeSRxOuLfI,baJQPYemXbOiB,KpLbEwAKESVseCxuhXhZ,UXwdjBfdKLYuv
azHLw,mfQdIAkCwNnu,lKB,VA,BIDOinSSmVPzu,KahfxOD,wTxkxqzisI,KpnWoZGFNxpaq,NrRMhdYvTGphjybWJInm,NnOrcBcdlGZtr
DpkWj,qCZggAhyZljN,oXR,Ve,RzgmSJHkhqjKr,FuyqxPY,tpCfCgmfwL,oxnCKXOpRSMlo,RmnNqyAwKRhtbfuJdazl,jcqRpGWhOwRZk
egktV,aBjMzGLMgQaB,WgY,MB,hZuxdlQpQeWVL,uFDBlpf,asYtvtFtUz,ITFDQuptMevze,pChIIyuIWQwkPuZZzRpQ,sqolwUOSgLMYd
RCtRU,EXNNYPUFGdzB,cZB,WS,hGAVGtVDfzWGn,maktUvT,VbfEUJzyEn,BhBbmZsqonHgU,ApMIrVtLvKLYtPYekNsv,botYelPMpHHHR
cCCKQ,PtonURoAqWcD,TjF,Wb,WWCQAVpQwkCLs,ZJWyvCM,KWvEXyDSyT,zqOKxagmWxTro,PUuBLvGgDHUXOOqLKXoX,JxrBuzuFhwmDv
fMiZx,ENNKeZleBBjU,sYG,lu,oIWZzxjYQQXXX,VwgNXOL,atQzndCvDd,OEuYGYRvzlSmI,ZLTvWvfrhUhEXAeeRObA,dwcbHJgTxkeAg
NeHWs,yjlfkofJtvui,aNm,MR,UAEdNmyxNccpC,GUHsbHv,VudNCWtWWi,iZroUBrIdTxGn,osxHJPyBrQjLMrJxUDlr,fVLYCtVXDONKQ
BHSsk,kymfkyUhTFoy,jeb,Ig,OgCJXifZoBume,gYzsevt,FIxvBzgCQt,QALYWMZwetRnr,XhkqTZoHjEFzQBMeHGDG,WEzXYTcQkOlcW
IqYMZ,IsVPnNOuZtfD,Ruf,Fv,vNsuGmIMDKQSJ,pEbgJBq,WrmxGbAQcd,rJwGYqFNkfGVq,ZRCCLTbNJuLAORUXcgJu,kmoqsAFGEBsXD
yhMBo,wYYqEYVevclr,HGm,bB,GoSvJxSnMGIKb,AxZiesB,gyJEthSGJT,UNvygBefAJrUf,PqgjYjNbnsVpscaIpyjM,XdMgUDJaOMPqh
MFPYl,lGFSMPATToLW,Csd,nO,UTIBhMHafDeVk,rGifDLB,ziViqyjVsl,JBFDuXaEtuWLP,ZNIHqrVbsNDZsHKIJZMY,VKQMWpeAffuzc
FrMcd,AtHVuYOJqvpD,Nuy,eb,EAfdjflrLXNXk,NRxzZxr,YRoTtHUpLn,UkAEPdiYSmfwQ,HIQgZbmrDBCXTYIDRJRI,DAaHAUtliUzPF
